<c3p0-config>
	<default-config>
		<property name="driverClass">org.sqlite.JDBC</property>
		<property name="jdbcUrl">jdbc:sqlite:d:/demo/rfid.db</property>
		<property name="user"></property>
		<property name="password"></property>
		
		<property name="initialPoolSize">10</property>
		<property name="maxIdleTime">30</property>
		<property name="maxPoolSize">20</property>
		<property name="minPoolSize">5</property>
		<property name="maxStatements">200</property>
	</default-config>
	
	<named-config name="mysql">
		<property name="acquireIncrement">50</property>
		<property name="initialPoolSize">100</property>
		<property name="minPoolSize">50</property>
		<property name="maxPoolSize">1000</property><!-- intergalactoApp adopts a different approach to configuring statement caching -->
		<property name="maxStatements">0</property>
		<property name="maxStatementsPerConnection">5</property>
	</named-config>
	
	<named-config name="oracle">
		<property name="acquireIncrement">50</property>
		<property name="initialPoolSize">100</property>
		<property name="minPoolSize">50</property>
		<property name="maxPoolSize">1000</property><!-- intergalactoApp adopts a different approach to configuring statement caching -->
		<property name="maxStatements">0</property>
		<property name="maxStatementsPerConnection">5</property>
	</named-config>
</c3p0-config>
